name,ra,dec
M31,10.684708,41.26875
M51,202.469575,47.195188
